name, price, offer, link, image
WATSONS|Hot/Cold pack,S$10.90,2 FOR 50% MIX AND MATCH,/hot-cold-pack/p/BP_99678,/medias/sys_master/front/cat/8843675238430.jpg
KOOLFEVER|For Babies 4s,S$4.50,None,/for-babies-4s/p/BP_11701,/medias/sys_master/front/cat/8884895055902.jpg
KODOMO|Cooling Adhesive Babies 6s,S$6.60,None,/cooling-adhesive-babies-6s/p/BP_79647,/medias/sys_master/front/cat/8830899453982.jpg
BYE BYE|Bye ByeFever for Children,S$6.10,2 FOR $9.90,/bye-byefever-for-children/p/BP_10009,/medias/sys_master/front/cat/8844082741278.jpg
KOOLFEVER|Koolfever For Body 14s,S$6.90,2 FOR $11.80,/koolfever-for-body-14s/p/BP_99745,/medias/sys_master/front/cat/8821204254750.jpg
BYE BYE|Bye Bye Fever for Babies 4's,S$3.40,None,/bye-bye-fever-for-babies-4-s/p/BP_64711,/medias/sys_master/front/cat/8844080119838.jpg
PANADOL| EXTRA WITH OPTIZORB 20S MAHS1600085,S$7.85,None,/-extra-with-optizorb-20s-br-br-mahs1600085/p/BP_78530,/medias/sys_master/front/cat/8852174831646.jpg
KODOMO|Cooling Adhesive 6s,S$6.60,None,/cooling-adhesive-6s/p/BP_83942,/medias/sys_master/front/cat/8830890180638.jpg
PANADOL| SOLUBLE 12S MAHS1300469,S$6.85,None,/-soluble-12s-br-br-mahs1300469/p/BP_28806,/medias/sys_master/front/cat/8852166672414.jpg
BYE BYE|Bye Bye Fever Super Cool,S$6.10,2 FOR $9.90,/bye-bye-fever-super-cool/p/BP_82607,/medias/sys_master/front/cat/8820020346910.jpg
KOOLFEVER|Soft Cooling Gel Pillow 1s,S$12.90,None,/soft-cooling-gel-pillow-1s/p/BP_38009,/medias/sys_master/front/cat/8821185740830.jpg
KOOLFEVER|For Children 6s,S$5.95,None,/for-children-6s/p/BP_10438,/medias/sys_master/front/cat/8819718094878.jpg
KOOLFEVER|For Adults 6s,S$5.95,2 FOR $10.20,/for-adults-6s/p/BP_99744,/medias/sys_master/front/cat/8820001374238.jpg
PANADOL| WITH OPTIZORB 20S MAHS1500089,S$6.85,None,/-with-optizorb-20s-br-br-mahs1500089/p/BP_39967,/medias/sys_master/front/cat/8852185317406.jpg
PANADOL|Extend for Muscle & Joint Pain 18s,S$7.85,None,/extend-for-muscle-joint-pain-18s/p/BP_13813,/medias/sys_master/front/cat/8852602486814.jpg
WATSONS|Cooling Gel Patch - For Kids,S$4.90,2 FOR 50% MIX AND MATCH,/cooling-gel-patch-for-kids/p/BP_54591,/medias/sys_master/front/cat/8826827964446.jpg
PANADOL|COLD & FLU HOT REMEDY 5S MAHS1400576,S$5.90,None,/cold-flu-hot-remedy-5s-br-br-mahs1400576/p/BP_11704,/medias/sys_master/front/cat/8852181843998.jpg
NUROFEN|COATED TABLETS 200MG 12S,S$5.40,None,/coated-tablets-200mg-12s/p/BP_97451,/medias/sys_master/front/cat/8853667020830.jpg
HERITAGE|Rheuma Patch 14's,S$10.00,None,/rheuma-patch-14-s/p/BP_20314,/medias/sys_master/front/cat/8870227410974.jpg
PANADOL| MINI CAPS 12S MAHS1500089,S$6.85,None,/-mini-caps-12s-br-br-mahs1500089/p/BP_13605,/medias/sys_master/front/cat/8852177879070.jpg
PANADOL| COUGH & COLD 16S MAHS1400576,S$9.80,None,/-cough-cold-16s-br-br-mahs1400576/p/BP_43324,/medias/sys_master/front/cat/8852184825886.jpg
PANADOL| WITH OPTIZORB 120S MAHS1500089,S$41.10,None,/-with-optizorb-120s-br-br-mahs1500089/p/BP_39966,/medias/sys_master/front/cat/8852151992350.jpg
PANADOL| MENSTRUAL 20S MAHS0400757,S$7.85,None,/-menstrual-20s-br-br-mahs0400757/p/BP_10598,/medias/sys_master/front/cat/8852186595358.jpg
PANADOL| EXTRA WITH OPTIZORB 120S MAHS1600085,S$46.80,None,/-extra-with-optizorb-120s-br-br-mahs1600085/p/BP_78529,/medias/sys_master/front/cat/8852152418334.jpg
NUROFEN|Express 342mg 12s,S$7.10,None,/express-342mg-12s/p/BP_34886,/medias/sys_master/front/cat/8887784243230.jpg
HERITAGE|Crocodile Pure Skin Oil 30ml,S$45.00,None,/crocodile-pure-skin-oil-30ml/p/BP_26775,/medias/sys_master/front/cat/8870238748702.jpg
HERITAGE|Hung Far Oil 30ml,S$6.20,None,/hung-far-oil-30ml/p/BP_14660,/medias/sys_master/front/cat/8870233931806.jpg
CALPOL|Suspension 70ml,S$8.90,None,/suspension-70ml/p/BP_14104,/medias/sys_master/front/cat/8887734763550.jpg
PANADOL|COLD RELIEF PE 12s MAHS1600085,S$8.80,None,/cold-relief-pe-12s-br-br-mahs1600085/p/BP_69232,/medias/sys_master/front/cat/8852165394462.jpg
PANADOL| SUSP CHILD 1-6 60ML MAHS0500722,S$7.25,None,/-susp-child-1-6-60ml-br-br-mahs0500722/p/BP_10055,/medias/sys_master/front/cat/8852155400222.jpg
