name, price, offer,link
Nutrilife Spray Essentiel 30ml,$29.90,BUY 1 GET 1 FREE,/nutrilife-spray-essentiel-30ml/p/178621
Pulmoll Extra Strong Fort + Vitamine C + 45g,$3.60,Spend $60 get glow box @25,/pulmoll-extra-strong-fort-vitamine-c-45g/p/604894
Pulmoll Eucalyptus Menthol + 45g,$3.60,Spend $60 get glow box @25,/pulmoll-eucalyptus-menthol-45g/p/604895
 Pulmoll Lime Mint  + Vitamin C + 45g,$3.60,Spend $60 get glow box @25,/-pulmoll-lime-mint-vitamin-c-45g/p/604899
Pulmoll Lemon Citron  + Vitamin C + 45g,$3.60,Spend $60 get glow box @25,/pulmoll-lemon-citron-vitamin-c-45g/p/604897
Pulmoll Orange + Vitamin C + 45g,$3.60,Spend $60 get glow box @25,/pulmoll-orange-vitamin-c-45g/p/604896
Pulmoll Mixed Berry + Acai + Vitamin C + 45g,$3.60,Spend $60 get glow box @25,/pulmoll-mixed-berry-acai-vitamin-c-45g/p/604898
Ricola  Swiss Herb Lozenges Lemon Mint ,$3.50,2 FOR $4.95,/ricola-swiss-herb-lozenges-lemon-mint-/p/162192
Ricola  Swiss Herb Lozenges Apple Mint,$3.50,2 FOR $4.95,/ricola-swiss-herb-lozenges-apple-mint/p/156867
Ricola  Swiss Herb Lozenges Cranberry,$3.50,2 FOR $4.95,/ricola-swiss-herb-lozenges-cranberry/p/118907
Ricola  Swiss Herb Lozenges Alpine Fresh,$3.50,2 FOR $4.95,/ricola-swiss-herb-lozenges%0aalpine-fresh/p/162256
Ricola  Swiss Herb Lozenges Blackcurrant,$3.50,2 FOR $4.95,/ricola-swiss-herb-lozenges-blackcurrant/p/162632
Ricola Swiss Herb Lozenges Original Herb 45g,$3.50,2 FOR $4.95,/ricola-swiss-herb-lozenges-original-herb-45g/p/162926
Nin Jiom  Pei Pa Koa No Sugar 150ml,$7.00,Spend $60 get glow box @25,/nin-jiom-pei-pa-koa-no-sugar-150ml/p/176872
Zyrtec R 10tabs,$11.70,Spend $60 get glow box @25,/zyrtec-r-10tabs/p/600039
Leftose Tablets 30's,$6.20,Spend $60 get glow box @25,/leftose-tablets-30s/p/601435
Leftose Syrup 100ml,$13.50,Spend $60 get glow box @25,/leftose-syrup-100ml/p/602473
Ricola  Natural Relief Swiss Cherry 51g,$3.75,Spend $60 get glow box @25,/ricola-natural-relief-swiss-cherry-51g/p/173926
Ricola  Natural Relief Honey Lemon 51g,$3.75,Spend $60 get glow box @25,/ricola-natural-relief-honey-lemon-51g/p/173927
Robitussin  PS Syrup 100ml,$10.70,2 FOR $17.10,/robitussin-ps-syrup-100ml/p/113166
Panadol Cold Relief PE 12 caps,$8.80,Spend $60 get glow box @25,/panadol-cold-relief-pe-12-caps/p/174266
Telfast  120Mg 10 Tabs,$11.05,Spend $60 get glow box @25,/telfast-120mg-10-tabs/p/173461
Telfast 120mg 10 tabs Twinpack,$19.20,Spend $60 get glow box @25,/telfast-120mg-10-tabs-twinpack/p/177353
Cough & Cold 16caps,$9.80,Spend $60 get glow box @25,/cough-cold-16caps/p/162116
Cough Syrup 100ml,$10.80,Spend $60 get glow box @25,/cough-syrup-100ml/p/147513
Panadol SinusMAX 12 caps,$8.80,Spend $60 get glow box @25,/panadol-sinusmax-12-caps/p/152134
Anti-Cough Pill 1box,$11.45,Spend $60 get glow box @25,/anti-cough-pill-1box/p/154273
Woods Peppermint Cough Syrup  100ml,$6.25,Spend $60 get glow box @25,/woods-peppermint-cough-syrup-100ml/p/108456
Guardian Cough Syrup (120ml),$5.30,Spend $60 get glow box @25,/guardian-cough-syrup-120ml/p/168349
SanteCare Breathe Easy Patch 5s,$7.50,Spend $60 get glow box @25,/santecare-breatheeasy-patch-5s/p/176551 q
Wood's Peppermint Children's Cough Syrup Strawberry 100ml,$6.25,Spend $60 get glow box @25,/woods-peppermint-childrens-cough-syrup-strawberry-100ml/p/108455
Wood's Peppermint Children's Cough Syrup Strawberry 50ml,$3.95,Spend $60 get glow box @25,/woods-peppermint-childrens-cough-syrup-strawberry-50ml/p/108454
Sanyrene 20ml,$17.10,Spend $60 get glow box @25,/sanyrene-20ml/p/174330
Breathe Right Kids Nasal Strips 12 strips,$8.90,Spend $60 get glow box @25,/breathe-right-kids-nasal-strips-12-strips/p/140694
Breathe Right Nasal Strips Tan Regular 12 strips,$8.90,Spend $60 get glow box @25,/breathe-right-nasal-strips-tan-regular-12-strips/p/168503
Children's Clarityn  Allergy Syrup 60ml,$12.90,Spend $60 get glow box @25,/childrens-clarityn-allergy-syrup-60ml/p/170588
Sterimar Baby Nasal Hygiene 0-3 years 50ml,$18.40,Spend $60 get glow box @25,/sterimar-baby-nasal-hygiene-0-3-years-50ml/p/155476
Breacol G+ Cough Syrup For Adult 115ml,$7.40,Spend $60 get glow box @25,/breacol-g-cough-syrup-for-adult-115ml/p/213716
Iliadin 0.025% child drop,$9.20,Spend $60 get glow box @25,/iliadin-0025-child-drop/p/230412
Iliadin 0.05% adult spray,$9.70,Spend $60 get glow box @25,/iliadin-005-adult-spray/p/230410
Iliadin 0.05% adult drop,$9.70,Spend $60 get glow box @25,/iliadin-005-adult-drop/p/230411
Iliadin 0.01% infant drop,$9.20,Spend $60 get glow box @25,/iliadin-001-infant-drop/p/230005
Cough Alievaid,$9.60,Spend $60 get glow box @25,/cough-alievaid/p/125174
Vapex Inhalant ,$6.90,Spend $60 get glow box @25,/vapex-inhalant-/p/230921
Kids Cough,$24.90,Spend $60 get glow box @25,/kids-cough/p/171532
Nazal Spray 15ml ,$6.35,Spend $60 get glow box @25,/nazal-spray-15ml-/p/230004
Sinupret 50 caps,$17.10,Spend $60 get glow box @25,/sinupret-50-caps/p/001283
Cold Remedy Concentrated Granules 10s,$10.30,Spend $60 get glow box @25,/cold-remedy-concentrated-granules-10s/p/221801
Chuanbei Anti-Cough concentrated Powder 6s,$4.95,Spend $60 get glow box @25,/chuanbei-anti-cough-concentrated-powder-6s/p/152099
Breathe Right Nasal Strip Tan Large size 12s,$8.90,Spend $60 get glow box @25,/breathe-right-nasal-strip-tan-large-size-12s/p/136509
Cough & Muco Relief  60s,$36.00,Spend $60 get glow box @25,/cough-muco-relief-60s/p/106068
Vapor Soove  30g,$5.90,Spend $60 get glow box @25,/vapor-soove-30g/p/127882
Olbas Oil For Children 10ml,$6.80,Spend $60 get glow box @25,/olbas-oil-for-children-10ml/p/144191
Nasadrops Ampoules 15ml,$12.15,Spend $60 get glow box @25,/nasadrops-ampoules-15ml/p/156087
Nasamist Hypertonic Spray 125ml,$12.80,Spend $60 get glow box @25,/nasamist-hypertonicspray-125ml/p/139488
Sinugator Device  240ml,$36.75,Spend $60 get glow box @25,/sinugator-device-240ml/p/156085
Sinus Rinse Pediatric Mixture Sachets 120sacs,$25.35,Spend $60 get glow box @25,/sinus-rinse-pediatric-mixture-sachets-120sacs/p/150162
Anti-Snoring Spray 50ml,$29.50,Spend $60 get glow box @25,/anti-snoring-spray-50ml/p/140383
Hou Zao Muco-Solve 3.75g,$48.15,Spend $60 get glow box @25,/hou-zao-muco-solve-375g/p/464141
Sterimar Spray 100ml,$25.20,Spend $60 get glow box @25,/sterimar-spray-100ml/p/163728
Sterimar Spray 50ml,$14.00,Spend $60 get glow box @25,/sterimar-spray-50ml/p/112672
Kwan Loong Refresher 4.5ml,$2.70,2 FOR $4.50,/kwan-loong-refresher-45ml/p/001434
Olbas Oil 28ml,$11.50,Spend $60 get glow box @25,/olbas-oil-28ml/p/000709
